Park,Entrance,Start_time,Class
1,1,800,2
1,1,1000,2
1,1,1200,2
1,1,1400,2
1,1,1600,2
1,1,1800,2
1,2,800,2
1,2,1000,1
1,2,1200,1
1,2,1400,1
1,2,1600,1
1,2,1800,2
1,3,800,1
1,3,1000,1
1,3,1200,1
1,3,1400,1
1,3,1600,1
1,3,1800,1
1,4,800,2
1,4,1000,2
1,4,1200,2
1,4,1400,2
1,4,1600,2
1,4,1800,2
2,1,800,3
2,1,1000,3
2,1,1200,3
2,1,1400,3
2,1,1600,3
2,1,1800,3
2,2,800,3
2,2,1000,3
2,2,1200,3
2,2,1400,3
2,2,1600,3
2,2,1800,3
2,3,800,2
2,3,1000,2
2,3,1200,2
2,3,1400,2
2,3,1600,2
2,3,1800,2
2,4,800,2
2,4,1000,2
2,4,1200,2
2,4,1400,2
2,4,1600,2
2,4,1800,2
2,5,800,3
2,5,1000,3
2,5,1200,3
2,5,1400,3
2,5,1600,3
2,5,1800,3
2,6,800,1
2,6,1000,1
2,6,1200,1
2,6,1400,1
2,6,1600,1
2,6,1800,1
2,7,800,3
2,7,1000,3
2,7,1200,3
2,7,1400,3
2,7,1600,3
2,7,1800,3
3,4,800,2
3,4,1000,2
3,4,1200,1
3,4,1400,1
3,4,1600,1
3,4,1800,1
4,1,800,1
4,1,1000,1
4,1,1200,1
4,1,1400,1
4,1,1600,1
4,1,1800,2
5,1,800,3
5,1,1000,3
5,1,1200,3
5,1,1400,3
5,1,1600,3
5,1,1800,3
5,2,800,1
5,2,1000,1
5,2,1200,1
5,2,1400,1
5,2,1600,1
5,2,1800,1
5,3,800,1
5,3,1000,1
5,3,1200,1
5,3,1400,1
5,3,1600,1
5,3,1800,1
5,4,800,2
5,4,1000,2
5,4,1200,2
5,4,1400,2
5,4,1600,2
5,4,1800,2
7,14,800,2
7,14,1000,2
7,14,1200,2
7,14,1400,2
7,14,1600,2
7,14,1800,2
10,1,800,1
10,1,1000,1
10,1,1200,1
10,1,1400,1
10,1,1600,1
10,1,1800,1
11,1,800,2
11,1,1000,1
11,1,1200,1
11,1,1400,1
11,1,1600,1
11,1,1800,2
11,2,800,2
11,2,1000,2
11,2,1200,2
11,2,1400,2
11,2,1600,2
11,2,1800,2
11,3,800,3
11,3,1000,3
11,3,1200,3
11,3,1400,3
11,3,1600,3
11,3,1800,3
11,4,800,2
11,4,1000,2
11,4,1200,2
11,4,1400,2
11,4,1600,1
11,4,1800,1
11,5,800,3
11,5,1000,3
11,5,1200,3
11,5,1400,3
11,5,1600,3
11,5,1800,3
11,6,800,3
11,6,1000,3
11,6,1200,3
11,6,1400,3
11,6,1600,3
11,6,1800,3
11,7,800,2
11,7,1000,2
11,7,1200,2
11,7,1400,2
11,7,1600,2
11,7,1800,2
11,8,800,3
11,8,1000,3
11,8,1200,3
11,8,1400,3
11,8,1600,3
11,8,1800,3
11,9,800,2
11,9,1000,2
11,9,1200,2
11,9,1400,2
11,9,1600,2
11,9,1800,2
11,10,800,2
11,10,1000,2
11,10,1200,2
11,10,1400,2
11,10,1600,2
11,10,1800,2
12,1,800,2
12,1,1000,1
12,1,1200,1
12,1,1400,1
12,1,1600,1
12,1,1800,2
13,1,800,1
13,1,1000,2
13,1,1200,2
13,1,1400,1
13,1,1600,1
13,1,1800,1
14,1,800,2
14,1,1000,2
14,1,1200,1
14,1,1400,1
14,1,1600,1
14,1,1800,1
14,2,800,2
14,2,1000,2
14,2,1200,2
14,2,1400,2
14,2,1600,2
14,2,1800,2
15,1,800,2
15,1,1000,2
15,1,1200,1
15,1,1400,1
15,1,1600,1
15,1,1800,1
15,2,800,3
15,2,1000,3
15,2,1200,2
15,2,1400,1
15,2,1600,1
15,2,1800,1
15,3,800,3
15,3,1000,3
15,3,1200,2
15,3,1400,1
15,3,1600,1
15,3,1800,1
15,4,800,2
15,4,1000,2
15,4,1200,1
15,4,1400,1
15,4,1600,1
15,4,1800,1
15,5,800,3
15,5,1000,3
15,5,1200,2
15,5,1400,2
15,5,1600,1
15,5,1800,2
15,6,800,3
15,6,1000,3
15,6,1200,2
15,6,1400,2
15,6,1600,1
15,6,1800,1
16,1,800,2
16,1,1000,1
16,1,1200,1
16,1,1400,1
16,1,1600,1
16,1,1800,2
16,2,800,2
16,2,1000,2
16,2,1200,2
16,2,1400,2
16,2,1600,2
16,2,1800,2
17,1,800,2
17,1,1000,1
17,1,1200,1
17,1,1400,1
17,1,1600,1
17,1,1800,2
17,2,800,2
17,2,1000,2
17,2,1200,2
17,2,1400,2
17,2,1600,2
17,2,1800,2
17,3,800,2
17,3,1000,2
17,3,1200,2
17,3,1400,2
17,3,1600,2
17,3,1800,2
17,5,800,2
17,5,1000,2
17,5,1200,2
17,5,1400,2
17,5,1600,2
17,5,1800,2
17,6,800,2
17,6,1000,2
17,6,1200,2
17,6,1400,1
17,6,1600,1
17,6,1800,1
17,7,800,2
17,7,1000,3
17,7,1200,3
17,7,1400,2
17,7,1600,1
17,7,1800,2
17,8,800,2
17,8,1000,3
17,8,1200,3
17,8,1400,3
17,8,1600,2
17,8,1800,2
17,9,800,3
17,9,1000,3
17,9,1200,3
17,9,1400,3
17,9,1600,3
17,9,1800,2
17,10,800,3
17,10,1000,3
17,10,1200,3
17,10,1400,3
17,10,1600,3
17,10,1800,2
17,11,800,3
17,11,1000,3
17,11,1200,3
17,11,1400,3
17,11,1600,3
17,11,1800,2
18,1,800,2
18,1,1000,1
18,1,1200,1
18,1,1400,1
18,1,1600,2
18,1,1800,2
19,2,800,2
19,2,1000,2
19,2,1200,2
19,2,1400,1
19,2,1600,1
19,2,1800,1
19,3,800,2
19,3,1000,2
19,3,1200,2
19,3,1400,1
19,3,1600,1
19,3,1800,1
19,4,800,2
19,4,1000,2
19,4,1200,2
19,4,1400,1
19,4,1600,1
19,5,800,2
19,5,1000,2
19,5,1200,2
19,5,1400,1
19,5,1600,1
19,5,1800,1
19,6,800,3
19,6,1000,3
19,6,1200,2
19,6,1400,2
19,6,1600,1
19,6,1800,2
19,7,800,3
19,7,1000,3
19,7,1200,3
19,7,1400,3
19,7,1600,2
19,8,800,3
19,8,1000,3
19,8,1200,3
19,8,1400,3
19,8,1600,2
19,9,800,3
19,9,1000,3
19,9,1200,3
19,9,1400,3
19,9,1600,2
19,10,800,3
19,10,1000,3
19,10,1200,3
19,10,1400,3
19,10,1600,2
19,10,1800,2
19,11,800,2
19,11,1000,2
19,11,1200,1
19,11,1400,1
19,11,1600,1
19,11,1800,1
19,12,800,3
19,12,1000,3
19,12,1200,3
19,12,1400,3
19,12,1600,2
19,12,1800,2
20,1,800,2
20,1,1000,1
20,1,1200,1
20,1,1400,1
20,1,1600,1
20,1,1800,2
20,2,800,2
20,2,1000,2
20,2,1200,2
20,2,1400,2
20,2,1600,2
20,2,1800,2
21,1,800,1
21,1,1000,1
21,1,1200,1
21,1,1400,1
21,1,1600,1
21,1,1800,1
21,2,800,3
21,2,1000,3
21,2,1200,3
21,2,1400,3
21,2,1600,3
21,2,1800,3
21,3,800,3
21,3,1000,3
21,3,1200,3
21,3,1400,3
21,3,1600,3
21,3,1800,3
21,5,800,3
21,5,1000,3
21,5,1200,3
21,5,1400,3
21,5,1600,3
21,5,1800,3
21,7,800,2
21,7,1000,2
21,7,1200,2
21,7,1400,2
21,7,1600,2
21,7,1800,2
21,8,800,3
21,8,1000,3
21,8,1200,3
21,8,1400,3
21,8,1600,3
21,8,1800,3
21,9,800,3
21,9,1000,3
21,9,1200,3
21,9,1400,3
21,9,1600,3
21,9,1800,3
22,1,800,1
22,1,1000,1
22,1,1200,1
22,1,1400,1
22,1,1600,1
22,1,1800,1
22,2,800,3
22,2,1000,3
22,2,1200,3
22,2,1400,3
22,2,1600,3
22,2,1800,3
22,3,800,3
22,3,1000,3
22,3,1200,3
22,3,1400,3
22,3,1600,3
22,3,1800,3
23,1,800,1
23,1,1000,1
23,1,1200,1
23,1,1400,1
23,1,1600,1
23,1,1800,1
23,2,800,2
23,2,1000,2
23,2,1200,2
23,2,1400,2
23,2,1600,2
23,2,1800,2
23,3,800,3
23,3,1000,3
23,3,1200,3
23,3,1400,3
23,3,1600,3
23,3,1800,3
23,4,800,3
23,4,1000,3
23,4,1200,3
23,4,1400,3
23,4,1600,3
23,4,1800,3
23,5,800,3
23,5,1000,3
23,5,1200,3
23,5,1400,3
23,5,1600,3
23,5,1800,3
23,7,800,2
23,7,1000,2
23,7,1200,2
23,7,1400,2
23,7,1600,2
23,7,1800,2
23,8,800,1
23,8,1000,1
23,8,1200,1
23,8,1400,1
23,8,1600,1
23,8,1800,1
24,1,800,2
24,1,1000,2
24,1,1200,2
24,1,1400,2
24,1,1600,2
24,1,1800,2
24,2,800,1
24,2,1000,1
24,2,1200,1
24,2,1400,1
24,2,1600,1
24,2,1800,1
24,4,800,2
24,4,1000,2
24,4,1200,2
24,4,1400,2
24,4,1600,2
24,4,1800,2
25,1,800,1
25,1,1000,1
25,1,1200,1
25,1,1400,1
25,1,1600,1
25,1,1800,1
25,2,800,3
25,2,1000,3
25,2,1200,3
25,2,1400,3
25,2,1600,3
25,2,1800,3
25,3,800,3
25,3,1000,3
25,3,1200,3
25,3,1400,3
25,3,1600,3
25,3,1800,3
25,4,800,2
25,4,1000,2
25,4,1200,2
25,4,1400,2
25,4,1600,2
25,4,1800,2
25,5,800,3
25,5,1000,3
25,5,1200,3
25,5,1400,3
25,5,1600,3
25,5,1800,3
26,2,800,1
26,2,1000,1
26,2,1200,1
26,2,1400,1
26,2,1600,1
26,2,1800,1
26,5,800,3
26,5,1000,3
26,5,1200,3
26,5,1400,3
26,5,1600,3
26,5,1800,3
27,1,800,2
27,1,1000,2
27,1,1200,2
27,1,1400,2
27,1,1600,2
27,1,1800,2
27,3,800,3
27,3,1000,3
27,3,1200,3
27,3,1400,3
27,3,1600,3
27,3,1800,3
27,4,800,3
27,4,1000,3
27,4,1200,3
27,4,1400,3
27,4,1600,3
27,4,1800,3
27,5,800,3
27,5,1000,3
27,5,1200,3
27,5,1400,3
27,5,1600,3
27,5,1800,3
28,1,800,1
28,1,1000,1
28,1,1200,1
28,1,1400,1
28,1,1600,1
28,1,1800,1
28,2,800,2
28,2,1000,2
28,2,1200,2
28,2,1400,2
28,2,1600,2
28,2,1800,2
28,3,800,3
28,3,1000,3
28,3,1200,3
28,3,1400,3
28,3,1600,3
28,3,1800,3
28,4,800,3
28,4,1000,3
28,4,1200,3
28,4,1400,3
28,4,1600,3
28,4,1800,3
28,5,800,2
28,5,1000,2
28,5,1200,2
28,5,1400,2
28,5,1600,2
28,5,1800,2
28,7,800,3
28,7,1000,3
28,7,1200,3
28,7,1400,3
28,7,1600,3
28,7,1800,3
28,8,800,3
28,8,1000,3
28,8,1200,3
28,8,1400,3
28,8,1600,3
28,8,1800,3
28,9,800,3
28,9,1000,3
28,9,1200,3
28,9,1400,3
28,9,1600,3
28,9,1800,3
28,10,800,3
28,10,1000,3
28,10,1200,3
28,10,1400,3
28,10,1600,3
28,10,1800,3
28,11,800,2
28,11,1000,2
28,11,1200,2
28,11,1400,2
28,11,1600,2
28,11,1800,2
28,12,800,2
28,12,1000,2
28,12,1200,2
28,12,1400,2
28,12,1600,2
28,12,1800,2
28,13,800,2
28,13,1000,2
28,13,1200,2
28,13,1400,2
28,13,1600,2
28,13,1800,2
28,15,800,3
28,15,1000,3
28,15,1200,3
28,15,1400,3
28,15,1600,3
28,15,1800,3
28,16,800,3
28,16,1000,3
28,16,1200,3
28,16,1400,3
28,16,1600,3
28,16,1800,3
28,17,800,2
28,17,1000,2
28,17,1200,2
28,17,1400,2
28,17,1600,2
28,17,1800,2
28,18,800,3
28,18,1000,3
28,18,1200,3
28,18,1400,3
28,18,1600,3
28,18,1800,3
28,19,800,3
28,19,1000,3
28,19,1200,3
28,19,1400,3
28,19,1600,3
28,19,1800,3
28,20,800,3
28,20,1000,3
28,20,1200,3
28,20,1400,3
28,20,1600,3
28,20,1800,3
28,22,800,3
28,22,1000,3
28,22,1200,3
28,22,1400,3
28,22,1600,3
28,22,1800,3
28,23,800,3
28,23,1000,3
28,23,1200,3
28,23,1400,3
28,23,1600,3
28,23,1800,3
29,1,800,1
29,1,1000,1
29,1,1200,1
29,1,1400,1
29,1,1600,1
29,1,1800,1
29,2,800,1
29,2,1000,1
29,2,1200,1
29,2,1400,1
29,2,1600,1
29,2,1800,1
29,4,800,3
29,4,1000,3
29,4,1200,3
29,4,1400,3
29,4,1600,3
29,4,1800,3
29,5,800,3
29,5,1000,3
29,5,1200,3
29,5,1400,3
29,5,1600,3
29,5,1800,3
29,6,800,3
29,6,1000,3
29,6,1200,3
29,6,1400,3
29,6,1600,3
29,6,1800,3
29,7,800,3
29,7,1000,3
29,7,1200,3
29,7,1400,3
29,7,1600,3
29,7,1800,3
29,8,800,3
29,8,1000,3
29,8,1200,3
29,8,1400,3
29,8,1600,3
29,8,1800,3
29,9,800,2
29,9,1000,2
29,9,1200,2
29,9,1400,2
29,9,1600,2
29,9,1800,2
29,10,800,1
29,10,1000,1
29,10,1200,1
29,10,1400,1
29,10,1600,1
29,10,1800,1
29,16,800,2
29,16,1000,2
29,16,1200,2
29,16,1400,2
29,16,1600,2
29,16,1800,2
29,17,800,3
29,17,1000,3
29,17,1200,3
29,17,1400,3
29,17,1600,3
29,17,1800,3
29,21,800,2
29,21,1000,2
29,21,1200,2
29,21,1400,2
29,21,1600,2
29,21,1800,2
29,24,800,3
29,24,1000,3
29,24,1200,3
29,24,1400,3
29,24,1600,3
29,24,1800,3
29,25,800,1
29,25,1000,1
29,25,1200,1
29,25,1400,1
29,25,1600,1
29,25,1800,1
29,26,800,3
29,26,1000,3
29,26,1200,3
29,26,1400,3
29,26,1600,3
29,26,1800,3
29,27,800,3
29,27,1000,3
29,27,1200,3
29,27,1400,3
29,27,1600,3
29,27,1800,3
29,29,800,2
29,29,1000,2
29,29,1200,2
29,29,1400,2
29,29,1600,2
29,29,1800,2
29,30,800,1
29,30,1000,1
29,30,1200,1
29,30,1400,1
29,30,1600,1
29,30,1800,1
29,32,800,3
29,32,1000,3
29,32,1200,3
29,32,1400,3
29,32,1600,3
29,32,1800,3
29,34,800,3
29,34,1000,3
29,34,1200,3
29,34,1400,3
29,34,1600,3
29,34,1800,3
29,35,800,3
29,35,1000,3
29,35,1200,3
29,35,1400,3
29,35,1600,3
29,35,1800,3
29,36,800,3
29,36,1000,3
29,36,1200,3
29,36,1400,3
29,36,1600,3
29,36,1800,3
30,1,800,1
30,1,1000,1
30,1,1200,1
30,1,1400,1
30,1,1600,1
30,1,1800,1
30,2,800,3
30,2,1000,3
30,2,1200,3
30,2,1400,3
30,2,1600,3
30,2,1800,3
30,3,800,2
30,3,1000,2
30,3,1200,2
30,3,1400,2
30,3,1600,2
30,3,1800,2
30,4,800,3
30,4,1000,3
30,4,1200,3
30,4,1400,3
30,4,1600,3
30,4,1800,3
31,1,800,1
31,1,1000,1
31,1,1200,1
31,1,1400,1
31,1,1600,1
31,1,1800,1
31,2,800,2
31,2,1000,2
31,2,1200,2
31,2,1400,2
31,2,1600,2
31,2,1800,2
31,3,800,2
31,3,1000,2
31,3,1200,2
31,3,1400,2
31,3,1600,2
31,3,1800,2
31,4,800,2
31,4,1000,2
31,4,1200,2
31,4,1400,2
31,4,1600,2
31,4,1800,2
31,5,800,3
31,5,1000,3
31,5,1200,3
31,5,1400,3
31,5,1600,3
31,5,1800,3
31,6,800,3
31,6,1000,3
31,6,1200,3
31,6,1400,3
31,6,1600,3
31,6,1800,3
31,7,800,3
31,7,1000,3
31,7,1200,3
31,7,1400,3
31,7,1600,3
31,7,1800,3
32,1,800,1
32,1,1000,1
32,1,1200,1
32,1,1400,1
32,1,1600,1
32,1,1800,1
32,2,800,3
32,2,1000,3
32,2,1200,3
32,2,1400,3
32,2,1600,3
32,2,1800,3
32,4,800,3
32,4,1000,3
32,4,1200,3
32,4,1400,3
32,4,1600,3
32,4,1800,3
32,6,800,3
32,6,1000,3
32,6,1200,3
32,6,1400,3
32,6,1600,3
32,6,1800,3
32,7,800,3
32,7,1000,3
32,7,1200,3
32,7,1400,3
32,7,1600,3
32,7,1800,3
32,9,800,2
32,9,1000,2
32,9,1200,2
32,9,1400,2
32,9,1600,2
32,9,1800,2
32,10,800,3
32,10,1000,3
32,10,1200,3
32,10,1400,3
32,10,1600,3
32,10,1800,3
33,1,800,1
33,1,1000,1
33,1,1200,1
33,1,1400,1
33,1,1600,1
33,1,1800,1
33,4,800,2
33,4,1000,2
33,4,1200,2
33,4,1400,2
33,4,1600,2
33,4,1800,2
33,6,800,3
33,6,1000,3
33,6,1200,3
33,6,1400,3
33,6,1600,3
33,6,1800,3
34,1,800,1
34,1,1000,1
34,1,1200,1
34,1,1400,1
34,1,1600,1
34,1,1800,1
34,2,800,2
34,2,1000,2
34,2,1200,2
34,2,1400,2
34,2,1600,2
34,2,1800,2
34,3,800,3
34,3,1000,3
34,3,1200,3
34,3,1400,3
34,3,1600,3
34,3,1800,3
34,4,800,3
34,4,1000,3
34,4,1200,3
34,4,1400,3
34,4,1600,3
34,4,1800,3
34,5,800,2
34,5,1000,2
34,5,1200,2
34,5,1400,2
34,5,1600,2
34,5,1800,2
34,6,800,2
34,6,1000,2
34,6,1200,2
34,6,1400,2
34,6,1600,2
34,6,1800,2
34,7,800,3
34,7,1000,3
34,7,1200,3
34,7,1400,3
34,7,1600,3
34,7,1800,3
34,8,800,3
34,8,1000,3
34,8,1200,3
34,8,1400,3
34,8,1600,3
34,8,1800,3
35,1,800,1
35,1,1000,1
35,1,1200,1
35,1,1400,1
35,1,1600,1
35,1,1800,1
35,2,800,3
35,2,1000,3
35,2,1200,3
35,2,1400,3
35,2,1600,3
35,2,1800,3
35,3,800,3
35,3,1000,3
35,3,1200,3
35,3,1400,3
35,3,1600,3
35,3,1800,3
35,4,800,2
35,4,1000,2
35,4,1200,2
35,4,1400,2
35,4,1600,2
35,4,1800,2
35,5,800,3
35,5,1000,3
35,5,1200,3
35,5,1400,3
35,5,1600,3
35,5,1800,3
35,6,800,3
35,6,1000,3
35,6,1200,3
35,6,1400,3
35,6,1600,3
35,6,1800,3
35,7,800,3
35,7,1000,3
35,7,1200,3
35,7,1400,3
35,7,1600,3
35,7,1800,3
35,8,800,3
35,8,1000,3
35,8,1200,3
35,8,1400,3
35,8,1600,3
35,8,1800,3
35,9,800,1
35,9,1000,1
35,9,1200,1
35,9,1400,1
35,9,1600,1
35,9,1800,1
35,33,800,3
35,33,1000,3
35,33,1200,3
35,33,1400,3
35,33,1600,3
35,33,1800,3
35,38,800,3
35,38,1000,3
35,38,1200,3
35,38,1400,3
35,38,1600,3
35,38,1800,3
36,1,800,1
36,1,1000,1
36,1,1200,1
36,1,1400,1
36,1,1600,1
36,1,1800,1
36,2,800,2
36,2,1000,2
36,2,1200,2
36,2,1400,2
36,2,1600,2
36,2,1800,2
37,1,800,1
37,1,1000,1
37,1,1200,1
37,1,1400,1
37,1,1600,1
37,1,1800,1
38,1,800,2
38,1,1000,2
38,1,1200,2
38,1,1400,2
38,1,1600,2
38,1,1800,2
38,2,800,3
38,2,1000,3
38,2,1200,3
38,2,1400,3
38,2,1600,3
38,2,1800,3
38,3,800,3
38,3,1000,3
38,3,1200,3
38,3,1400,3
38,3,1600,3
38,3,1800,3
38,4,800,2
38,4,1000,2
38,4,1200,2
38,4,1400,2
38,4,1600,2
38,4,1800,2
38,5,800,2
38,5,1000,2
38,5,1200,2
38,5,1400,2
38,5,1600,2
38,5,1800,2
38,6,800,2
38,6,1000,2
38,6,1200,2
38,6,1400,2
38,6,1600,2
38,6,1800,2
38,7,800,1
38,7,1000,1
38,7,1200,1
38,7,1400,1
38,7,1600,1
38,7,1800,1
38,8,800,1
38,8,1000,1
38,8,1200,1
38,8,1400,1
38,8,1600,1
38,8,1800,1
38,9,800,1
38,9,1000,1
38,9,1200,1
38,9,1400,1
38,9,1600,1
38,9,1800,1
38,10,800,1
38,10,1000,1
38,10,1200,1
38,10,1400,1
38,10,1600,1
38,10,1800,1
38,11,800,2
38,11,1000,2
38,11,1200,2
38,11,1400,2
38,11,1600,2
38,11,1800,2
38,12,800,3
38,12,1000,3
38,12,1200,3
38,12,1400,3
38,12,1600,3
38,12,1800,3
38,13,800,3
38,13,1000,3
38,13,1200,3
38,13,1400,3
38,13,1600,3
38,13,1800,3
38,14,800,3
38,14,1000,3
38,14,1200,3
38,14,1400,3
38,14,1600,3
38,14,1800,3
39,1,800,2
39,1,1000,2
39,1,1200,2
39,1,1400,2
39,1,1600,2
39,1,1800,2
39,2,800,2
39,2,1000,2
39,2,1200,2
39,2,1400,2
39,2,1600,2
39,2,1800,2
39,3,800,2
39,3,1000,2
39,3,1200,2
39,3,1400,2
39,3,1600,2
39,3,1800,2
39,4,800,2
39,4,1000,2
39,4,1200,2
39,4,1400,2
39,4,1600,2
39,4,1800,2
39,5,800,2
39,5,1000,2
39,5,1200,2
39,5,1400,2
39,5,1600,2
39,5,1800,2
39,6,800,1
39,6,1000,1
39,6,1200,1
39,6,1400,1
39,6,1600,1
39,6,1800,1
39,7,800,2
39,7,1000,2
39,7,1200,2
39,7,1400,2
39,7,1600,2
39,7,1800,2
39,8,800,3
39,8,1000,3
39,8,1200,3
39,8,1400,3
39,8,1600,3
39,8,1800,3
39,9,800,3
39,9,1000,3
39,9,1200,3
39,9,1400,3
39,9,1600,3
39,9,1800,3
39,10,800,2
39,10,1000,2
39,10,1200,2
39,10,1400,2
39,10,1600,2
39,10,1800,2
39,11,800,3
39,11,1000,3
39,11,1200,3
39,11,1400,3
39,11,1600,3
39,11,1800,3
39,12,800,3
39,12,1000,3
39,12,1200,3
39,12,1400,3
39,12,1600,3
39,12,1800,3
39,13,800,3
39,13,1000,3
39,13,1200,3
39,13,1400,3
39,13,1600,3
39,13,1800,3
39,14,800,3
39,14,1000,3
39,14,1200,3
39,14,1400,3
39,14,1600,3
39,14,1800,3
39,15,800,3
39,15,1000,3
39,15,1200,3
39,15,1400,3
39,15,1600,3
39,15,1800,3
39,16,800,3
39,16,1000,3
39,16,1200,3
39,16,1400,3
39,16,1600,3
39,16,1800,3
39,17,800,2
39,17,1000,2
39,17,1200,2
39,17,1400,2
39,17,1600,2
39,17,1800,2
39,18,800,3
39,18,1000,3
39,18,1200,3
39,18,1400,3
39,18,1600,3
39,18,1800,3
39,19,800,3
39,19,1000,3
39,19,1200,3
39,19,1400,3
39,19,1600,3
39,19,1800,3
39,20,800,1
39,20,1000,1
39,20,1200,1
39,20,1400,1
39,20,1600,1
39,20,1800,1
39,21,800,3
39,21,1000,3
39,21,1200,3
39,21,1400,3
39,21,1600,3
39,21,1800,3
39,22,800,3
39,22,1000,3
39,22,1200,3
39,22,1400,3
39,22,1600,3
39,22,1800,3
39,23,800,3
39,23,1000,3
39,23,1200,3
39,23,1400,3
39,23,1600,3
39,23,1800,3
39,24,800,3
39,24,1000,3
39,24,1200,3
39,24,1400,3
39,24,1600,3
39,24,1800,3
40,1,800,1
40,1,1000,1
40,1,1200,1
40,1,1400,1
40,1,1600,1
40,1,1800,1
40,2,800,3
40,2,1000,3
40,2,1200,3
40,2,1400,3
40,2,1600,3
40,2,1800,3
40,3,800,2
40,3,1000,2
40,3,1200,2
40,3,1400,2
40,3,1600,2
40,3,1800,2
40,4,800,3
40,4,1000,3
40,4,1200,3
40,4,1400,3
40,4,1600,3
40,4,1800,3
40,5,800,3
40,5,1000,3
40,5,1200,3
40,5,1400,3
40,5,1600,3
40,5,1800,3
40,6,800,3
40,6,1000,3
40,6,1200,3
40,6,1400,3
40,6,1600,3
40,6,1800,3
40,7,800,1
40,7,1000,1
40,7,1200,1
40,7,1400,1
40,7,1600,1
40,7,1800,1
40,8,800,1
40,8,1000,1
40,8,1200,1
40,8,1400,1
40,8,1600,1
40,8,1800,1
40,9,800,2
40,9,1000,2
40,9,1200,2
40,9,1400,2
40,9,1600,2
40,9,1800,2
40,10,800,3
40,10,1000,3
40,10,1200,3
40,10,1400,3
40,10,1600,3
40,10,1800,3
40,11,800,3
40,11,1000,3
40,11,1200,3
40,11,1400,3
40,11,1600,3
40,11,1800,3
40,12,800,2
40,12,1000,2
40,12,1200,2
40,12,1400,2
40,12,1600,2
40,12,1800,2
40,13,800,3
40,13,1000,3
40,13,1200,3
40,13,1400,3
40,13,1600,3
40,13,1800,3
40,14,800,3
40,14,1000,3
40,14,1200,3
40,14,1400,3
40,14,1600,3
40,14,1800,3
40,15,800,3
40,15,1000,3
40,15,1200,3
40,15,1400,3
40,15,1600,3
40,15,1800,3
41,3,800,1
41,3,1000,2
41,3,1200,2
41,3,1400,2
41,3,1600,2
41,3,1800,1
41,4,800,3
41,4,1000,3
41,4,1200,3
41,4,1400,3
41,4,1600,3
41,4,1800,3
41,5,800,1
41,5,1000,2
41,5,1200,2
41,5,1400,2
41,5,1600,1
41,5,1800,1
41,6,800,1
41,6,1000,2
41,6,1200,2
41,6,1400,2
41,6,1600,1
41,6,1800,1
41,7,800,1
41,7,1000,2
41,7,1200,2
41,7,1400,2
41,7,1600,1
41,7,1800,1
41,8,800,2
41,8,1000,2
41,8,1200,2
41,8,1400,2
41,8,1600,2
41,8,1800,2
41,13,800,1
41,13,1000,1
41,13,1200,2
41,13,1400,2
41,13,1600,1
41,13,1800,1
41,14,800,1
41,14,1000,1
41,14,1200,2
41,14,1400,2
41,14,1600,1
41,14,1800,1
42,1,800,2
42,1,1000,2
42,1,1200,1
42,1,1400,2
42,1,1600,1
42,1,1800,1
42,3,800,2
42,3,1000,2
42,3,1200,1
42,3,1400,2
42,3,1600,2
42,3,1800,1
42,4,800,2
42,4,1000,2
42,4,1200,1
42,4,1400,2
42,4,1600,1
42,4,1800,1
42,5,800,2
42,5,1000,2
42,5,1200,1
42,5,1400,2
42,5,1600,1
42,5,1800,1
42,6,800,2
42,6,1000,2
42,6,1200,2
42,6,1400,2
42,6,1600,2
42,6,1800,1
42,7,800,2
42,7,1000,2
42,7,1200,1
42,7,1400,2
42,7,1600,2
42,7,1800,2
42,8,800,2
42,8,1000,2
42,8,1200,1
42,8,1400,2
42,8,1600,2
42,8,1800,1
42,10,800,2
42,10,1000,2
42,10,1200,1
42,10,1400,2
42,10,1600,2
42,10,1800,1
42,11,800,2
42,11,1000,2
42,11,1200,2
42,11,1400,2
42,11,1600,2
42,11,1800,2
42,12,800,2
42,12,1000,2
42,12,1200,1
42,12,1400,2
42,12,1600,2
42,12,1800,1
42,13,800,1
42,13,1000,1
42,13,1200,1
42,13,1400,1
42,13,1600,1
42,13,1800,1
42,17,800,2
42,17,1000,2
42,17,1200,1
42,17,1400,2
42,17,1600,1
42,17,1800,1
42,18,800,2
42,18,1000,2
42,18,1200,1
42,18,1400,2
42,18,1600,1
42,18,1800,1
42,19,800,2
42,19,1000,2
42,19,1200,1
42,19,1400,2
42,19,1600,1
42,19,1800,1
42,20,800,2
42,20,1000,2
42,20,1200,1
42,20,1400,2
42,20,1600,1
42,20,1800,1
42,21,800,2
42,21,1000,2
42,21,1200,2
42,21,1400,2
42,21,1600,2
42,21,1800,2
42,25,800,3
42,25,1000,3
42,25,1200,3
42,25,1400,3
42,25,1600,2
42,25,1800,2
42,26,800,1
42,26,1000,3
42,26,1200,3
42,26,1400,3
42,26,1600,3
42,26,1800,3
42,27,800,2
42,27,1000,2
42,27,1200,3
42,27,1400,3
42,27,1600,2
42,27,1800,2
43,1,800,3
43,1,1000,3
43,1,1200,2
43,1,1400,2
43,1,1600,2
43,1,1800,2
43,2,800,3
43,2,1000,3
43,2,1200,2
43,2,1400,2
43,2,1600,2
43,2,1800,2
43,3,800,3
43,3,1000,3
43,3,1200,2
43,3,1400,2
43,3,1600,2
43,3,1800,2
43,4,800,2
43,4,1000,2
43,4,1200,1
43,4,1400,1
43,4,1600,1
43,4,1800,1
43,5,800,3
43,5,1000,3
43,5,1200,3
43,5,1400,3
43,5,1600,3
43,5,1800,3
43,6,800,2
43,6,1000,2
43,6,1200,1
43,6,1400,1
43,6,1600,1
43,6,1800,1
43,7,800,3
43,7,1000,3
43,7,1200,3
43,7,1400,3
43,7,1600,3
43,7,1800,3
43,8,800,3
43,8,1000,3
43,8,1200,3
43,8,1400,3
43,8,1600,3
43,8,1800,3
43,9,800,3
43,9,1000,3
43,9,1200,3
43,9,1400,3
43,9,1600,3
43,9,1800,3
43,10,800,2
43,10,1000,2
43,10,1200,1
43,10,1400,1
43,10,1600,1
43,10,1800,1
43,11,800,3
43,11,1000,3
43,11,1200,2
43,11,1400,2
43,11,1600,2
43,11,1800,2
43,12,800,3
43,12,1000,3
43,12,1200,3
43,12,1400,3
43,12,1600,3
43,12,1800,3
43,13,800,3
43,13,1000,3
43,13,1200,3
43,13,1400,3
43,13,1600,3
43,13,1800,3
43,14,800,3
43,14,1000,3
43,14,1200,3
43,14,1400,3
43,14,1600,3
43,14,1800,3
43,15,800,3
43,15,1000,3
43,15,1200,3
43,15,1400,3
43,15,1600,3
43,15,1800,3
43,16,800,3
43,16,1000,3
43,16,1200,3
43,16,1400,3
43,16,1600,3
43,16,1800,3
43,17,800,2
43,17,1000,2
43,17,1200,1
43,17,1400,1
43,17,1600,1
43,17,1800,1
43,18,800,3
43,18,1000,3
43,18,1200,2
43,18,1400,2
43,18,1600,2
43,18,1800,2
43,19,800,3
43,19,1000,3
43,19,1200,3
43,19,1400,3
43,19,1600,3
43,19,1800,3
43,20,800,2
43,20,1000,2
43,20,1200,1
43,20,1400,1
43,20,1600,1
43,20,1800,1
43,21,800,2
43,21,1000,2
43,21,1200,1
43,21,1400,1
43,21,1600,1
43,21,1800,1
43,22,800,3
43,22,1000,3
43,22,1200,3
43,22,1400,3
43,22,1600,3
43,22,1800,3
43,23,800,3
43,23,1000,3
43,23,1200,3
43,23,1400,3
43,23,1600,3
43,23,1800,3
43,24,800,2
43,24,1000,2
43,24,1200,1
43,24,1400,1
43,24,1600,1
43,24,1800,1
43,25,800,2
43,25,1000,2
43,25,1200,1
43,25,1400,1
43,25,1600,1
43,25,1800,1
43,26,800,3
43,26,1000,3
43,26,1200,2
43,26,1400,2
43,26,1600,2
43,26,1800,2
43,27,800,3
43,27,1000,3
43,27,1200,3
43,27,1400,3
43,27,1600,3
43,27,1800,3
43,28,800,3
43,28,1000,3
43,28,1200,3
43,28,1400,3
43,28,1600,3
43,28,1800,3
43,29,800,3
43,29,1000,3
43,29,1200,2
43,29,1400,2
43,29,1600,2
43,29,1800,2
43,30,800,2
43,30,1000,2
43,30,1200,1
43,30,1400,1
43,30,1600,1
43,30,1800,1
43,31,800,2
43,31,1000,2
43,31,1200,1
43,31,1400,1
43,31,1600,1
43,31,1800,1
43,32,800,3
43,32,1000,3
43,32,1200,3
43,32,1400,3
43,32,1600,3
43,32,1800,3
43,33,800,2
43,33,1000,2
43,33,1200,1
43,33,1400,1
43,33,1600,1
43,33,1800,1
43,34,800,3
43,34,1000,3
43,34,1200,2
43,34,1400,2
43,34,1600,2
43,34,1800,2
43,35,800,2
43,35,1000,2
43,35,1200,1
43,35,1400,1
43,35,1600,1
43,35,1800,1
43,36,800,3
43,36,1000,3
43,36,1200,3
43,36,1400,3
43,36,1600,3
43,36,1800,3
43,37,800,3
43,37,1000,3
43,37,1200,3
43,37,1400,3
43,37,1600,3
43,37,1800,3
43,38,800,3
43,38,1000,3
43,38,1200,2
43,38,1400,2
43,38,1600,2
43,38,1800,2
43,39,800,3
43,39,1000,3
43,39,1200,3
43,39,1400,3
43,39,1600,3
43,39,1800,3
43,40,800,3
43,40,1000,3
43,40,1200,3
43,40,1400,3
43,40,1600,3
43,40,1800,3
43,41,800,3
43,41,1000,3
43,41,1200,3
43,41,1400,3
43,41,1600,3
43,41,1800,3
43,42,800,3
43,42,1000,3
43,42,1200,3
43,42,1400,3
43,42,1600,3
43,42,1800,3
43,43,800,2
43,43,1000,2
43,43,1200,1
43,43,1400,1
43,43,1600,1
43,43,1800,1
43,44,800,3
43,44,1000,3
43,44,1200,2
43,44,1400,2
43,44,1600,2
43,44,1800,2
43,45,800,3
43,45,1000,3
43,45,1200,2
43,45,1400,2
43,45,1600,2
43,45,1800,2
43,46,800,2
43,46,1000,2
43,46,1200,1
43,46,1400,1
43,46,1600,1
43,46,1800,1
43,47,800,3
43,47,1000,3
43,47,1200,2
43,47,1400,2
43,47,1600,2
43,47,1800,2
43,48,800,2
43,48,1000,2
43,48,1200,1
43,48,1400,1
43,48,1600,1
43,48,1800,1
43,49,800,2
43,49,1000,2
43,49,1200,1
43,49,1400,1
43,49,1600,1
43,49,1800,1
43,50,800,3
43,50,1000,3
43,50,1200,2
43,50,1400,2
43,50,1600,2
43,50,1800,2
43,51,800,3
43,51,1000,3
43,51,1200,2
43,51,1400,2
43,51,1600,2
43,51,1800,2
43,52,800,3
43,52,1000,3
43,52,1200,2
43,52,1400,2
43,52,1600,2
43,52,1800,2
43,53,800,2
43,53,1000,2
43,53,1200,1
43,53,1400,1
43,53,1600,1
43,54,1800,1
43,54,800,1
43,54,1000,3
43,54,1200,3
43,54,1400,2
43,54,1600,1
43,54,1800,1
43,55,800,1
43,55,1000,1
43,55,1200,2
43,55,1400,2
43,55,1600,1
43,55,1800,1
43,57,800,2
43,57,1000,3
43,57,1200,3
43,57,1400,3
43,57,1600,2
43,57,1800,3
43,59,800,2
43,59,1000,3
43,59,1200,3
43,59,1400,3
43,59,1600,1
43,59,1800,1
44,1,800,2
44,1,1000,2
44,1,1200,1
44,1,1400,1
44,1,1600,1
44,1,1800,1
44,2,800,2
44,2,1000,2
44,2,1200,1
44,2,1400,1
44,2,1600,1
44,2,1800,1
44,3,800,3
44,3,1000,3
44,3,1200,3
44,3,1400,3
44,3,1600,3
44,3,1800,3
44,4,800,3
44,4,1000,3
44,4,1200,2
44,4,1400,2
44,4,1600,2
44,4,1800,2
44,5,800,3
44,5,1000,3
44,5,1200,3
44,5,1400,3
44,5,1600,3
44,5,1800,3
44,6,800,3
44,6,1000,3
44,6,1200,3
44,6,1400,3
44,6,1600,3
44,6,1800,3
44,7,800,2
44,7,1000,2
44,7,1200,1
44,7,1400,1
44,7,1600,1
44,7,1800,1
44,8,800,2
44,8,1000,2
44,8,1200,1
44,8,1400,1
44,8,1600,1
44,8,1800,1
44,9,800,3
44,9,1000,3
44,9,1200,2
44,9,1400,2
44,9,1600,2
44,9,1800,2
44,10,800,3
44,10,1000,3
44,10,1200,3
44,10,1400,3
44,10,1600,3
44,10,1800,3
44,11,800,3
44,11,1000,3
44,11,1200,3
44,11,1400,3
44,11,1600,3
44,11,1800,3
44,12,800,3
44,12,1000,3
44,12,1200,3
44,12,1400,3
44,12,1600,3
44,12,1800,3
44,13,800,3
44,13,1000,2
44,13,1200,2
44,13,1400,1
44,13,1600,1
44,13,1800,1
44,14,800,3
44,14,1000,3
44,14,1200,3
44,14,1400,3
44,14,1600,3
44,14,1800,3
44,15,800,3
44,15,1000,3
44,15,1200,2
44,15,1400,2
44,15,1600,2
44,15,1800,2
44,16,800,2
44,16,1000,2
44,16,1200,1
44,16,1400,1
44,16,1600,1
44,16,1800,1
44,17,800,3
44,17,1000,3
44,17,1200,3
44,17,1400,3
44,17,1600,3
44,17,1800,3
44,18,800,3
44,18,1000,3
44,18,1200,3
44,18,1400,3
44,18,1600,3
44,18,1800,3
44,19,800,3
44,19,1000,3
44,19,1200,3
44,19,1400,3
44,19,1600,3
44,19,1800,3
44,20,800,3
44,20,1000,3
44,20,1200,3
44,20,1400,3
44,20,1600,3
44,20,1800,3
44,21,800,2
44,21,1000,2
44,21,1200,1
44,21,1400,1
44,21,1600,1
44,21,1800,1
44,22,800,2
44,22,1000,2
44,22,1200,1
44,22,1400,1
44,22,1600,1
44,22,1800,1
44,23,800,2
44,23,1000,2
44,23,1200,1
44,23,1400,1
44,23,1600,1
44,23,1800,1
44,24,800,2
44,24,1000,2
44,24,1200,1
44,24,1400,1
44,24,1600,1
44,24,1800,1
44,27,800,2
44,27,1000,2
44,27,1200,3
44,27,1400,3
44,27,1600,2
44,27,1800,2
45,1,800,3
45,1,1000,3
45,1,1200,3
45,1,1400,3
45,1,1600,3
45,1,1800,3
45,2,800,2
45,2,1000,3
45,2,1200,3
45,2,1400,3
45,2,1600,1
45,2,1800,1
45,3,800,3
45,3,1000,2
45,3,1200,2
45,3,1400,2
45,3,1600,2
45,3,1800,2
45,4,800,2
45,4,1000,2
45,4,1200,2
45,4,1400,2
45,4,1600,2
45,4,1800,2
45,5,800,2
45,5,1000,1
45,5,1200,1
45,5,1400,1
45,5,1600,1
45,5,1800,2
45,6,800,2
45,6,1000,1
45,6,1200,1
45,6,1400,1
45,6,1600,1
45,6,1800,2
45,7,800,3
45,7,1000,3
45,7,1200,3
45,7,1400,3
45,7,1600,3
45,7,1800,3
45,8,800,2
45,8,1000,1
45,8,1200,1
45,8,1400,1
45,8,1600,1
45,8,1800,1
45,9,800,2
45,9,1000,2
45,9,1200,2
45,9,1400,1
45,9,1600,1
45,9,1800,1
45,10,800,1
45,10,1000,1
45,10,1200,1
45,10,1400,1
45,10,1600,1
45,10,1800,1
45,11,800,2
45,11,1000,2
45,11,1200,2
45,11,1400,2
45,11,1600,2
45,11,1800,2
45,12,800,2
45,12,1000,2
45,12,1200,2
45,12,1400,2
45,12,1600,2
45,12,1800,2
45,13,800,3
45,13,1000,3
45,13,1200,3
45,13,1400,3
45,13,1600,3
45,13,1800,3
45,14,800,2
45,14,1000,2
45,14,1200,2
45,14,1400,2
45,14,1600,2
45,14,1800,2
45,15,800,2
45,15,1000,1
45,15,1200,1
45,15,1400,1
45,15,1600,1
45,15,1800,2
45,16,800,2
45,16,1000,1
45,16,1200,1
45,16,1400,1
45,16,1600,1
45,16,1800,2
45,17,800,2
45,17,1000,1
45,17,1200,1
45,17,1400,1
45,17,1600,1
45,17,1800,2
46,1,800,2
46,1,1000,2
46,1,1200,1
46,1,1400,1
46,1,1600,2
46,1,1800,2
46,2,800,2
46,2,1000,2
46,2,1200,1
46,2,1400,1
46,2,1600,2
46,2,1800,2
46,3,800,2
46,3,1000,2
46,3,1200,1
46,3,1400,1
46,3,1600,2
46,3,1800,2
46,4,800,3
46,4,1000,3
46,4,1200,3
46,4,1400,3
46,4,1600,3
46,4,1800,3
46,5,800,3
46,5,1000,3
46,5,1200,3
46,5,1400,3
46,5,1600,3
46,5,1800,3
46,6,800,3
46,6,1000,3
46,6,1200,3
46,6,1400,3
46,6,1600,3
46,6,1800,3
46,7,800,2
46,7,1000,2
46,7,1200,1
46,7,1400,1
46,7,1600,2
46,7,1800,2
46,8,800,2
46,8,1000,2
46,8,1200,1
46,8,1400,1
46,8,1600,2
46,8,1800,2
46,9,800,3
46,9,1000,3
46,9,1200,3
46,9,1400,3
46,9,1600,3
46,9,1800,3
46,10,800,3
46,10,1000,3
46,10,1200,3
46,10,1400,3
46,10,1600,3
46,10,1800,3
46,11,800,3
46,11,1000,3
46,11,1200,3
46,11,1400,3
46,11,1600,3
46,11,1800,3
46,12,800,3
46,12,1000,3
46,12,1200,3
46,12,1400,3
46,12,1600,3
46,12,1800,3
46,13,800,3
46,13,1000,3
46,13,1200,3
46,13,1400,3
46,13,1600,3
46,13,1800,3
46,14,800,3
46,14,1000,3
46,14,1200,3
46,14,1400,3
46,14,1600,3
46,14,1800,3
46,15,800,3
46,15,1000,3
46,15,1200,3
46,15,1400,3
46,15,1600,3
46,15,1800,3
46,16,800,2
46,16,1000,2
46,16,1200,1
46,16,1400,1
46,16,1600,2
46,16,1800,2
46,17,800,3
46,17,1000,3
46,17,1200,3
46,17,1400,3
46,17,1600,3
46,17,1800,3
46,18,800,3
46,18,1000,3
46,18,1200,3
46,18,1400,3
46,18,1600,3
46,18,1800,3
46,19,800,2
46,19,1000,2
46,19,1200,1
46,19,1400,1
46,19,1600,2
46,19,1800,2
46,20,800,3
46,20,1000,3
46,20,1200,3
46,20,1400,3
46,20,1600,3
46,20,1800,3
46,21,800,3
46,21,1000,3
46,21,1200,3
46,21,1400,3
46,21,1600,3
46,21,1800,3
46,22,800,3
46,22,1000,3
46,22,1200,3
46,22,1400,3
46,22,1600,3
46,22,1800,3
46,23,800,2
46,23,1000,2
46,23,1200,1
46,23,1400,1
46,23,1600,2
46,23,1800,2
46,24,800,3
46,24,1000,3
46,24,1200,3
46,24,1400,3
46,24,1600,3
46,24,1800,3
46,25,800,2
46,25,1000,2
46,25,1200,1
46,25,1400,1
46,25,1600,2
46,25,1800,2
46,26,800,3
46,26,1000,3
46,26,1200,3
46,26,1400,3
46,26,1600,3
46,26,1800,3
46,27,800,2
46,27,1000,2
46,27,1200,1
46,27,1400,1
46,27,1600,2
46,27,1800,2
46,28,800,2
46,28,1000,2
46,28,1200,1
46,28,1400,1
46,28,1600,2
46,28,1800,2
46,29,800,3
46,29,1000,3
46,29,1200,3
46,29,1400,3
46,29,1600,3
46,29,1800,3
46,30,800,2
46,30,1000,2
46,30,1200,1
46,30,1400,1
46,30,1600,2
46,30,1800,2
46,31,800,2
46,31,1000,2
46,31,1200,1
46,31,1400,1
46,31,1600,2
46,31,1800,2
46,32,800,3
46,32,1000,3
46,32,1200,3
46,32,1400,3
46,32,1600,3
46,32,1800,3
46,33,800,3
46,33,1000,3
46,33,1200,3
46,33,1400,3
46,33,1600,3
46,33,1800,3
46,34,800,2
46,34,1000,2
46,34,1200,1
46,34,1400,1
46,34,1600,2
46,34,1800,2
46,35,800,2
46,35,1000,2
46,35,1200,1
46,35,1400,1
46,35,1600,2
46,35,1800,2
46,36,800,2
46,36,1000,1
46,36,1200,1
46,36,1400,1
46,36,1600,1
46,36,1800,1
46,37,800,2
46,37,1000,2
46,37,1200,1
46,37,1400,1
46,37,1600,2
46,37,1800,2
46,38,800,2
46,38,1000,2
46,38,1200,1
46,38,1400,1
46,38,1600,2
46,38,1800,2
46,35,800,2
46,40,800,2
46,40,1000,2
46,40,1200,1
46,40,1400,1
46,40,1600,2
46,40,1800,2
47,1,800,1
47,1,1000,1
47,1,1200,2
47,1,1400,2
47,1,1600,1
47,1,1800,1
47,2,800,3
47,2,1000,3
47,2,1200,2
47,2,1400,2
47,2,1600,2
47,2,1800,2
47,4,800,1
47,4,1000,1
47,4,1200,1
47,4,1400,1
47,4,1600,1
47,4,1800,1
47,5,800,1
47,5,1000,1
47,5,1200,1
47,5,1400,1
47,5,1600,1
47,5,1800,1
47,8,800,3
47,8,1000,3
47,8,1200,2
47,8,1400,2
47,8,1600,2
47,8,1800,2
47,9,800,3
47,9,1000,3
47,9,1200,2
47,9,1400,2
47,9,1600,2
47,9,1800,2
47,10,800,3
47,10,1000,3
47,10,1200,2
47,10,1400,1
47,10,1600,1
47,10,1800,1
48,1,800,3
48,1,1000,3
48,1,1200,2
48,1,1400,2
48,1,1600,3
48,1,1800,3
48,2,800,3
48,2,1000,3
48,2,1200,2
48,2,1400,2
48,2,1600,3
48,2,1800,3
48,3,800,3
48,3,1000,3
48,3,1200,2
48,3,1400,2
48,3,1600,3
48,3,1800,3
48,4,800,3
48,4,1000,3
48,4,1200,2
48,4,1400,2
48,4,1600,3
48,4,1800,3
48,5,800,3
48,5,1000,3
48,5,1200,2
48,5,1400,2
48,5,1600,2
48,5,1800,2
48,6,800,3
48,6,1000,2
48,6,1200,1
48,6,1400,1
48,6,1600,1
48,6,1800,1
48,7,800,3
48,7,1000,3
48,7,1200,2
48,7,1400,2
48,7,1600,2
48,7,1800,2
48,8,800,3
48,8,1000,2
48,8,1200,1
48,8,1400,1
48,8,1600,1
48,8,1800,2
48,9,800,3
48,9,1000,2
48,9,1200,1
48,9,1400,1
48,9,1600,1
48,9,1800,2
48,10,800,3
48,10,1000,2
48,10,1200,1
48,10,1400,1
48,10,1600,1
48,10,1800,2
48,11,800,3
48,11,1000,2
48,11,1200,1
48,11,1400,1
48,11,1600,1
48,11,1800,2
48,12,800,3
48,12,1000,3
48,12,1200,3
48,12,1400,3
48,12,1600,3
48,12,1800,3
48,13,800,3
48,13,1000,3
48,13,1200,3
48,13,1400,3
48,13,1600,3
48,13,1800,3
48,14,800,3
48,14,1000,3
48,14,1200,3
48,14,1400,3
48,14,1600,3
48,14,1800,3
48,15,800,3
48,15,1000,3
48,15,1200,3
48,15,1400,3
48,15,1600,3
48,15,1800,3
48,16,800,3
48,16,1000,3
48,16,1200,2
48,16,1400,2
48,16,1600,2
48,16,1800,2
48,17,800,2
48,17,1000,2
48,17,1200,1
48,17,1400,1
48,17,1600,1
48,17,1800,2
48,18,800,2
48,18,1000,2
48,18,1200,1
48,18,1400,1
48,18,1600,1
48,18,1800,2
48,19,800,2
48,19,1000,2
48,19,1200,1
48,19,1400,1
48,19,1600,1
48,19,1800,2
48,20,800,2
48,20,1000,2
48,20,1200,1
48,20,1400,1
48,20,1600,1
48,20,1800,2
48,21,800,3
48,21,1000,3
48,21,1200,3
48,21,1400,3
48,21,1600,3
48,21,1800,3
48,22,800,3
48,22,1000,3
48,22,1200,2
48,22,1400,2
48,22,1600,2
48,22,1800,2
48,23,800,3
48,23,1000,3
48,23,1200,3
48,23,1400,3
48,23,1600,3
48,23,1800,3
49,1,800,3
49,1,1000,3
49,1,1200,2
49,1,1400,2
49,1,1600,2
49,1,1800,2
49,2,800,3
49,2,1000,3
49,2,1200,2
49,2,1400,2
49,2,1600,2
49,2,1800,2
49,3,800,3
49,3,1000,3
49,3,1200,3
49,3,1400,3
49,3,1600,3
49,3,1800,3
49,4,800,3
49,4,1000,3
49,4,1200,3
49,4,1400,3
49,4,1600,3
49,4,1800,3
49,5,800,2
49,5,1000,2
49,5,1200,1
49,5,1400,1
49,5,1600,1
49,5,1800,1
49,6,800,3
49,6,1000,3
49,6,1200,3
49,6,1400,3
49,6,1600,3
49,6,1800,3
49,7,800,3
49,7,1000,3
49,7,1200,2
49,7,1400,2
49,7,1600,2
49,7,1800,2
49,8,800,2
49,8,1000,2
49,8,1200,1
49,8,1400,1
49,8,1600,1
49,8,1800,2
49,9,800,2
49,9,1000,2
49,9,1200,3
49,9,1400,3
49,9,1600,3
49,9,1800,3
49,10,800,3
49,10,1000,3
49,10,1200,3
49,10,1400,3
49,10,1600,3
49,10,1800,3
49,11,800,2
49,11,1000,3
49,11,1200,3
49,11,1400,2
49,11,1600,2
49,11,1800,3
50,1,800,2
50,1,1000,2
50,1,1200,1
50,1,1400,1
50,1,1600,1
50,1,1800,1
50,2,800,2
50,2,1000,3
50,2,1200,3
50,2,1400,3
50,2,1600,2
50,2,1800,2
50,3,800,2
50,3,1000,3
50,3,1200,3
50,3,1400,3
50,3,1600,2
50,3,1800,2
50,4,800,2
50,4,1000,3
50,4,1200,3
50,4,1400,3
50,4,1600,2
50,4,1800,2
50,5,800,2
50,5,1000,3
50,5,1200,3
50,5,1400,3
50,5,1600,2
50,5,1800,2
50,6,800,1
50,6,1000,2
50,6,1200,2
50,6,1400,2
50,6,1600,1
50,6,1800,1
50,7,800,2
50,7,1000,3
50,7,1200,3
50,7,1400,3
50,7,1600,2
50,7,1800,2
50,8,800,2
50,8,1000,3
50,8,1200,3
50,8,1400,3
50,8,1600,2
50,8,1800,2
50,9,800,2
50,9,1000,3
50,9,1200,3
50,9,1400,3
50,9,1600,2
50,9,1800,2
50,10,800,2
50,10,1000,3
50,10,1200,3
50,10,1400,3
50,10,1600,2
50,10,1800,2
50,11,800,1
50,11,1000,2
50,11,1200,2
50,11,1400,2
50,11,1600,1
50,11,1800,1
50,12,800,2
50,12,1000,3
50,12,1200,3
50,12,1400,3
50,12,1600,2
50,12,1800,2
50,13,800,2
50,13,1000,3
50,13,1200,3
50,13,1400,3
50,13,1600,2
50,13,1800,2
50,14,800,2
50,14,1000,3
50,14,1200,3
50,14,1400,3
50,14,1600,2
50,14,1800,2
50,15,800,2
50,15,1000,3
50,15,1200,3
50,15,1400,3
50,15,1600,2
50,15,1800,2
50,16,800,2
50,16,1000,3
50,16,1200,3
50,16,1400,3
50,16,1600,2
50,16,1800,2
50,17,800,2
50,17,1000,3
50,17,1200,3
50,17,1400,3
50,17,1600,2
50,17,1800,2
50,18,800,2
50,18,1000,3
50,18,1200,3
50,18,1400,3
50,18,1600,2
50,18,1800,2
50,19,800,2
50,19,1000,3
50,19,1200,3
50,19,1400,3
50,19,1600,2
50,19,1800,2
50,20,800,2
50,20,1000,3
50,20,1200,3
50,20,1400,3
50,20,1600,2
50,20,1800,2
50,21,800,2
50,21,1000,3
50,21,1200,3
50,21,1400,3
50,21,1600,2
50,21,1800,2
50,22,800,2
50,22,1000,3
50,22,1200,3
50,22,1400,3
50,22,1600,2
50,22,1800,2
50,23,800,1
50,23,1000,2
50,23,1200,2
50,23,1400,2
50,23,1600,1
50,23,1800,1
50,24,800,1
50,24,1000,2
50,24,1200,2
50,24,1400,2
50,24,1600,1
50,24,1800,1
50,25,800,2
50,25,1000,3
50,25,1200,3
50,25,1400,3
50,25,1600,2
50,25,1800,2
50,26,800,2
50,26,1000,3
50,26,1200,3
50,26,1400,3
50,26,1600,2
50,26,1800,2
50,27,800,2
50,27,1000,3
50,27,1200,3
50,27,1400,3
50,27,1600,2
50,27,1800,2
50,28,800,2
50,28,1000,3
50,28,1200,3
50,28,1400,3
50,28,1600,2
50,28,1800,2
50,29,800,2
50,29,1000,3
50,29,1200,3
50,29,1400,3
50,29,1600,2
50,29,1800,2
50,30,800,2
50,30,1000,3
50,30,1200,3
50,30,1400,3
50,30,1600,2
50,30,1800,2
50,31,800,2
50,31,1000,3
50,31,1200,3
50,31,1400,3
50,31,1600,2
50,31,1800,2
50,32,800,2
50,32,1000,3
50,32,1200,3
50,32,1400,3
50,32,1600,2
50,32,1800,2
62,1,800,1
62,1,1000,1
62,1,1200,1
62,1,1400,1
62,1,1600,1
62,1,1800,1
62,3,800,3
62,3,1000,3
62,3,1200,3
62,3,1400,3
62,3,1600,3
62,3,1800,3
62,5,800,2
62,5,1000,1
62,5,1200,1
62,5,1400,1
62,5,1600,1
62,5,1800,1
62,5,800,2
62,5,1000,1
62,5,1200,1
62,5,1400,1
62,5,1600,1
62,5,1800,1
62,6,800,2
62,6,1000,1
62,6,1200,1
62,6,1400,1
62,6,1600,1
62,6,1800,1
62,7,800,2
62,7,1000,3
62,7,1200,3
62,7,1400,3
62,7,1600,2
62,7,1800,2
62,8,800,2
62,8,1000,1
62,8,1200,1
62,8,1400,1
62,8,1600,1
62,8,1800,1
63,1,800,2
63,1,1000,2
63,1,1200,1
63,1,1400,1
63,1,1600,1
63,1,1800,2
63,2,800,2
63,2,1000,2
63,2,1200,1
63,2,1400,1
63,2,1600,1
63,2,1800,2
63,3,800,3
63,3,1000,3
63,3,1200,3
63,3,1400,3
63,3,1600,3
63,3,1800,3
63,4,800,2
63,4,1000,1
63,4,1200,1
63,4,1400,1
63,4,1600,1
63,4,1800,1
63,5,800,2
63,5,1000,2
63,5,1200,1
63,5,1400,1
63,5,1600,1
63,5,1800,1
64,1,800,3
64,1,1000,3
64,1,1200,2
64,1,1400,2
64,1,1600,2
64,1,1800,2
64,2,800,3
64,2,1000,3
64,2,1200,2
64,2,1400,2
64,2,1600,2
64,2,1800,2
64,3,800,3
64,3,1000,3
64,3,1200,2
64,3,1400,2
64,3,1600,2
64,3,1800,2
64,5,800,3
64,5,1000,3
64,5,1200,3
64,5,1400,3
64,5,1600,3
64,5,1800,3
64,6,800,3
64,6,1000,3
64,6,1200,2
64,6,1400,2
64,6,1600,3
64,6,1800,3
64,7,800,3
64,7,1000,3
64,7,1200,2
64,7,1400,2
64,7,1600,3
64,7,1800,3
64,8,800,2
64,8,1000,2
64,8,1200,1
64,8,1400,1
64,8,1600,2
64,8,1800,2
64,9,800,2
64,9,1000,2
64,9,1200,1
64,9,1400,1
64,9,1600,2
64,9,1800,2
64,10,800,2
64,10,1000,1
64,10,1200,1
64,10,1400,1
64,10,1600,2
64,10,1800,2
64,13,800,2
64,13,1000,2
64,13,1200,1
64,13,1400,1
64,13,1600,2
64,13,1800,2
64,14,800,2
64,14,1000,1
64,14,1200,1
64,14,1400,1
64,14,1600,2
64,14,1800,2
64,15,800,3
64,16,800,2
64,16,1000,1
64,16,1200,1
64,16,1400,1
64,16,1600,2
64,16,1800,2
64,17,800,2
64,17,1000,1
64,17,1200,1
64,17,1400,1
64,17,1600,2
64,17,1800,2
64,18,800,2
64,18,1000,2
64,18,1200,1
64,18,1400,1
64,18,1600,2
64,18,1800,2
64,19,800,2
64,19,1000,2
64,19,1200,1
64,19,1400,1
64,19,1600,2
64,19,1800,2
64,20,800,2
64,20,1000,1
64,20,1200,1
64,20,1400,1
64,20,1600,2
64,20,1800,2
64,21,800,2
64,21,1000,1
64,21,1200,1
64,21,1400,1
64,21,1600,2
64,21,1800,2
64,22,800,2
64,22,1000,1
64,22,1200,1
64,22,1400,1
64,22,1600,2
64,22,1800,2
64,23,800,2
64,23,1000,2
64,23,1200,1
64,23,1400,1
64,23,1600,1
64,23,1800,1
64,24,800,2
64,24,1000,2
64,24,1200,1
64,24,1400,1
64,24,1600,2
64,24,1800,2
64,26,800,2
64,26,1000,1
64,26,1200,1
64,26,1400,1
64,26,1600,2
64,26,1800,2
64,27,800,2
64,27,1000,1
64,27,1200,1
64,27,1400,1
64,27,1600,2
64,27,1800,2
65,1,800,3
65,1,1000,1
65,1,1200,1
65,1,1400,1
65,1,1600,1
65,1,1800,2
65,2,800,3
65,2,1000,1
65,2,1200,1
65,2,1400,1
65,2,1600,1
65,2,1800,2
65,5,800,3
65,5,1000,3
65,5,1200,2
65,5,1400,2
65,5,1600,2
65,5,1800,3
65,7,800,3
65,7,1000,3
65,7,1200,3
65,7,1400,3
65,7,1600,3
65,7,1800,3
65,8,800,3
65,8,1000,3
65,8,1200,2
65,8,1400,2
65,8,1600,2
65,8,1800,2
66,1,800,3
66,1,1000,2
66,1,1200,1
66,1,1400,1
66,1,1600,2
66,1,1800,3
66,2,800,3
66,2,1000,2
66,2,1200,1
66,2,1400,1
66,2,1600,2
66,2,1800,3
66,3,800,3
66,3,1000,2
66,3,1200,1
66,3,1400,1
66,3,1600,2
66,3,1800,3
66,4,800,2
66,4,1000,2
66,4,1200,1
66,4,1400,1
66,4,1600,1
66,4,1800,2
66,5,800,3
66,5,1000,3
66,5,1200,3
66,5,1400,3
66,5,1600,3
66,5,1800,3
67,1,800,3
67,1,1000,2
67,1,1200,1
67,1,1400,1
67,1,1600,1
67,1,1800,2
67,2,800,3
67,2,1000,3
67,2,1200,2
67,2,1400,2
67,2,1600,2
67,2,1800,3
67,3,800,3
67,3,1000,3
67,3,1200,3
67,3,1400,3
67,3,1600,3
67,3,1800,3
67,4,800,3
67,4,1000,2
67,4,1200,1
67,4,1400,1
67,4,1600,1
67,4,1800,2
68,1,800,2
68,1,1000,2
68,1,1200,1
68,1,1400,1
68,1,1600,1
68,1,1800,1
68,2,800,3
68,2,1000,3
68,2,1200,2
68,2,1400,2
68,2,1600,2
68,2,1800,2
68,3,800,3
68,3,1000,3
68,3,1200,2
68,3,1400,2
68,3,1600,2
68,3,1800,2
68,4,800,3
68,4,1000,3
68,4,1200,3
68,4,1400,3
68,4,1600,3
68,4,1800,3
68,5,800,2
68,5,1000,2
68,5,1200,1
68,5,1400,1
68,5,1600,1
68,5,1800,1
68,6,800,2
68,6,1000,2
68,6,1200,1
68,6,1400,1
68,6,1600,1
68,6,1800,1
68,10,800,3
68,10,1000,3
68,10,1200,2
68,10,1400,2
68,10,1600,2
68,10,1800,2
68,11,800,3
68,11,1000,3
68,11,1200,3
68,11,1400,3
68,11,1600,3
68,11,1800,3
68,12,800,3
68,12,1000,3
68,12,1200,2
68,12,1400,2
68,12,1600,2
68,12,1800,2
68,13,800,2
68,13,1000,2
68,13,1200,1
68,13,1400,1
68,13,1600,1
68,13,1800,1
68,14,800,3
68,14,1000,3
68,14,1200,2
68,14,1400,2
68,14,1600,2
68,14,1800,2
68,18,800,3
68,18,1000,3
68,18,1200,2
68,18,1400,2
68,18,1600,2
68,18,1800,2
68,19,800,3
68,19,1000,3
68,19,1200,2
68,19,1400,2
68,19,1600,2
68,19,1800,2
69,1,800,2
69,1,1000,2
69,1,1200,1
69,1,1400,1
69,1,1600,1
69,1,1800,1
69,2,800,2
69,2,1000,2
69,2,1200,1
69,2,1400,1
69,2,1600,1
69,2,1800,1
69,3,800,2
69,3,1000,2
69,3,1200,2
69,3,1400,2
69,3,1600,2
69,3,1800,2
69,4,800,3
69,4,1000,3
69,4,1200,3
69,4,1400,3
69,4,1600,3
69,4,1800,3
69,5,800,3
69,5,1000,3
69,5,1200,3
69,5,1400,3
69,5,1600,3
69,5,1800,3
69,6,800,2
69,6,1000,2
69,6,1200,1
69,6,1400,1
69,6,1600,1
69,6,1800,1
70,1,800,2
70,1,1000,2
70,1,1200,1
70,1,1400,1
70,1,1600,1
70,1,1800,1
70,2,800,3
70,2,1000,3
70,2,1200,3
70,2,1400,3
70,2,1600,3
70,2,1800,3
70,3,800,2
70,3,1000,2
70,3,1200,1
70,3,1400,1
70,3,1600,1
70,3,1800,1
70,6,800,2
70,6,1000,2
70,6,1200,1
70,6,1400,1
70,6,1600,1
70,6,1800,1
70,7,800,2
70,7,1000,2
70,7,1200,1
70,7,1400,1
70,7,1600,1
70,7,1800,1
70,8,800,2
70,8,1000,2
70,8,1200,1
70,8,1400,1
70,8,1600,1
70,8,1800,1
70,9,800,2
70,9,1000,2
70,9,1200,1
70,9,1400,1
70,9,1600,1
70,9,1800,1
70,10,800,2
70,10,1000,2
70,10,1200,1
70,10,1400,1
70,10,1600,1
70,10,1800,1
70,11,800,2
70,11,1000,2
70,11,1200,1
70,11,1400,1
70,11,1600,1
70,11,1800,1
70,13,800,3
70,13,1000,3
70,13,1200,2
70,13,1400,2
70,13,1600,3
70,13,1800,3
71,1,800,2
71,1,1000,1
71,1,1200,1
71,1,1400,1
71,1,1600,2
71,1,1800,2
71,2,800,3
71,2,1000,3
71,2,1200,3
71,2,1400,3
71,2,1600,3
71,2,1800,3
72,1,800,2
72,1,1000,1
72,1,1200,1
72,1,1400,1
72,1,1600,1
72,1,1800,2
73,1,800,2
73,1,1000,1
73,1,1200,1
73,1,1400,1
73,1,1600,2
73,1,1800,2
74,1,800,2
74,1,1000,1
74,1,1200,1
74,1,1400,1
74,1,1600,1
74,1,1800,2
75,1,800,3
75,1,1000,3
75,1,1200,2
75,1,1400,2
75,1,1600,1
75,1,1800,1
75,2,800,3
75,2,1000,3
75,2,1200,2
75,2,1400,2
75,2,1600,1
75,2,1800,1
75,3,800,3
75,3,1000,3
75,3,1200,2
75,3,1400,2
75,3,1600,1
75,3,1800,1
76,1,800,2
76,1,1000,2
76,1,1200,2
76,1,1400,2
76,1,1600,2
76,1,1800,2
76,2,800,2
76,2,1000,2
76,2,1200,2
76,2,1400,2
76,2,1600,2
76,2,1800,2
76,3,800,1
76,3,1000,1
76,3,1200,1
76,3,1400,1
76,3,1600,1
76,3,1800,1
76,4,800,2
76,4,1000,2
76,4,1200,2
76,4,1400,2
76,4,1600,2
76,4,1800,2
76,5,800,2
76,5,1000,2
76,5,1200,2
76,5,1400,2
76,5,1600,2
76,5,1800,2
76,6,800,3
76,6,1000,3
76,6,1200,3
76,6,1400,3
76,6,1600,3
76,6,1800,3
76,7,800,1
76,7,1000,1
76,7,1200,1
76,7,1400,1
76,7,1600,1
76,7,1800,1
76,8,800,3
76,8,1000,3
76,8,1200,3
76,8,1400,3
76,8,1600,3
76,8,1800,3
76,9,800,3
76,9,1000,3
76,9,1200,3
76,9,1400,3
76,9,1600,3
76,9,1800,3
76,10,800,3
76,10,1000,3
76,10,1200,3
76,10,1400,3
76,10,1600,3
76,10,1800,3
76,11,800,3
76,11,1000,3
76,11,1200,3
76,11,1400,3
76,11,1600,3
76,11,1800,3
76,12,800,3
76,12,1000,3
76,12,1200,3
76,12,1400,3
76,12,1600,3
76,12,1800,3
76,13,800,2
76,13,1000,2
76,13,1200,2
76,13,1400,2
76,13,1600,2
76,13,1800,2
77,2,800,3
77,2,1000,3
77,2,1200,3
77,2,1400,3
77,2,1600,3
77,2,1800,3
77,4,800,3
77,4,1000,3
77,4,1200,3
77,4,1400,3
77,4,1600,3
77,4,1800,3
77,5,800,3
77,5,1000,3
77,5,1200,3
77,5,1400,3
77,5,1600,3
77,5,1800,3
78,1,800,2
78,1,1000,2
78,1,1200,2
78,1,1400,2
78,1,1600,2
78,1,1800,2
78,2,800,2
78,2,1000,2
78,2,1200,2
78,2,1400,2
78,2,1600,2
78,2,1800,2
78,3,800,1
78,3,1000,1
78,3,1200,1
78,3,1400,1
78,3,1600,1
78,3,1800,1
79,1,800,1
79,1,1000,1
79,1,1200,1
79,1,1400,1
79,1,1600,1
79,1,1800,1
79,2,800,3
79,2,1000,3
79,2,1200,3
79,2,1400,3
79,2,1600,3
79,2,1800,3
79,4,800,3
79,4,1000,3
79,4,1200,3
79,4,1400,3
79,4,1600,3
79,4,1800,3
79,5,800,2
79,5,1000,2
79,5,1200,2
79,5,1400,2
79,5,1600,2
79,5,1800,2
79,6,800,2
79,6,1000,2
79,6,1200,2
79,6,1400,2
79,6,1600,2
79,6,1800,2
79,7,800,2
79,7,1000,2
79,7,1200,2
79,7,1400,2
79,7,1600,2
79,7,1800,2
79,8,800,3
79,8,1000,3
79,8,1200,3
79,8,1400,3
79,8,1600,3
79,8,1800,3
79,9,800,1
79,9,1000,1
79,9,1200,1
79,9,1400,1
79,9,1600,1
79,9,1800,1
80,1,800,1
80,1,1000,1
80,1,1200,1
80,1,1400,1
80,1,1600,1
80,1,1800,1
82,1,800,2
82,1,1000,1
82,1,1200,1
82,1,1400,1
82,1,1600,2
82,1,1800,2
83,1,800,2
83,1,1000,1
83,1,1200,1
83,1,1400,1
83,1,1600,1
83,1,1800,2
83,2,800,2
83,2,1000,1
83,2,1200,1
83,2,1400,1
83,2,1600,1
83,2,1800,2
84,1,800,1
84,1,1000,1
84,1,1200,1
84,1,1400,1
84,1,1600,1
84,1,1800,1
84,2,800,2
84,2,1000,2
84,2,1200,2
84,2,1400,2
84,2,1600,2
84,2,1800,2
88,10,800,2
88,10,1000,2
88,10,1200,2
88,10,1400,2
88,10,1600,2
88,10,1800,2
88,11,800,3
88,11,1000,3
88,11,1200,3
88,11,1400,3
88,11,1600,3
88,11,1800,3
88,12,800,3
88,12,1000,3
88,12,1200,3
88,12,1400,3
88,12,1600,3
88,12,1800,3
88,13,800,1
88,13,1000,1
88,13,1200,1
88,13,1400,1
88,13,1600,1
88,13,1800,1
88,14,800,3
88,14,1000,3
88,14,1200,3
88,14,1400,3
88,14,1600,3
88,14,1800,3
88,15,800,3
88,15,1000,3
88,15,1200,3
88,15,1400,3
88,15,1600,3
88,15,1800,3
88,37,800,2
88,37,1000,2
88,37,1200,2
88,37,1400,2
88,37,1600,2
88,37,1800,2
88,39,800,3
88,39,1000,3
88,39,1200,3
88,39,1400,3
88,39,1600,3
88,39,1800,3
88,40,800,3
88,40,1000,3
88,40,1200,3
88,40,1400,3
88,40,1600,3
88,40,1800,3
88,41,800,1
88,41,1000,1
88,41,1200,1
88,41,1400,1
88,41,1600,1
88,41,1800,1
88,42,800,2
88,42,1000,2
88,42,1200,2
88,42,1400,2
88,42,1600,2
88,42,1800,2
88,43,800,1
88,43,1000,1
88,43,1200,1
88,43,1400,1
88,43,1600,1
88,43,1800,1
88,44,800,1
88,44,1000,1
88,44,1200,1
88,44,1400,1
88,44,1600,1
88,44,1800,1
88,45,800,2
88,45,1000,2
88,45,1200,2
88,45,1400,2
88,45,1600,2
88,45,1800,2
88,46,800,2
88,46,1000,2
88,46,1200,2
88,46,1400,2
88,46,1600,2
88,46,1800,2
88,47,800,2
88,47,1000,2
88,47,1200,2
88,47,1400,2
88,47,1600,2
88,47,1800,2
88,48,800,2
88,48,1000,2
88,48,1200,2
88,48,1400,2
88,48,1600,2
88,48,1800,2
88,49,800,3
88,49,1000,3
88,49,1200,3
88,49,1400,3
88,49,1600,3
88,49,1800,3
88,50,800,3
88,50,1000,3
88,50,1200,3
88,50,1400,3
88,50,1600,3
88,50,1800,3
88,51,800,3
88,51,1000,3
88,51,1200,3
88,51,1400,3
88,51,1600,3
88,51,1800,3
88,52,800,3
88,52,1000,3
88,52,1200,3
88,52,1400,3
88,52,1600,3
88,52,1800,3
88,53,800,3
88,53,1000,3
88,53,1200,3
88,53,1400,3
88,53,1600,3
88,53,1800,3
88,54,800,3
88,54,1000,3
88,54,1200,3
88,54,1400,3
88,54,1600,3
88,54,1800,3
88,55,800,1
88,55,1000,1
88,55,1200,1
88,55,1400,1
88,55,1600,1
88,55,1800,1
88,56,800,1
88,56,1000,1
88,56,1200,1
88,56,1400,1
88,56,1600,1
88,56,1800,1
88,57,800,1
88,57,1000,1
88,57,1200,1
88,57,1400,1
88,57,1600,1
88,57,1800,1
88,58,800,3
88,58,1000,3
88,58,1200,3
88,58,1400,3
88,58,1600,3
88,58,1800,3
89,11,800,1
89,11,1000,1
89,11,1200,1
89,11,1400,1
89,11,1600,1
89,11,1800,1
89,12,800,3
89,12,1000,3
89,12,1200,3
89,12,1400,3
89,12,1600,3
89,12,1800,3
89,13,800,3
89,13,1000,3
89,13,1200,3
89,13,1400,3
89,13,1600,3
89,13,1800,3
89,14,800,3
89,14,1000,3
89,14,1200,3
89,14,1400,3
89,14,1600,3
89,14,1800,3
89,16,800,1
89,16,1000,1
89,16,1200,1
89,16,1400,1
89,16,1600,1
89,16,1800,1
89,17,800,3
89,17,1000,3
89,17,1200,3
89,17,1400,3
89,17,1600,3
89,17,1800,3
89,18,800,2
89,18,1000,2
89,18,1200,2
89,18,1400,2
89,18,1600,2
89,18,1800,2
90,1,800,2
90,1,1000,2
90,1,1200,1
90,1,1400,1
90,1,1600,1
90,1,1800,1
90,2,800,2
90,2,1000,2
90,2,1200,1
90,2,1400,1
90,2,1600,1
90,2,1800,1
90,3,800,2
90,3,1000,3
90,3,1200,3
90,3,1400,3
90,3,1600,2
90,3,1800,2
90,4,800,2
90,4,1000,3
90,4,1200,3
90,4,1400,3
90,4,1600,2
90,4,1800,2
90,5,800,2
90,5,1000,3
90,5,1200,3
90,5,1400,3
90,5,1600,2
90,5,1800,2
90,6,800,2
90,6,1000,2
90,6,1200,1
90,6,1400,1
90,6,1600,1
90,6,1800,1
90,7,800,2
90,7,1000,2
90,7,1200,1
90,7,1400,1
90,7,1600,1
90,7,1800,1
90,8,800,3
90,8,1000,3
90,8,1200,3
90,8,1400,3
90,8,1600,3
90,8,1800,3
90,9,800,2
90,9,1000,3
90,9,1200,3
90,9,1400,3
90,9,1600,2
90,9,1800,2
91,1,800,2
91,1,1000,2
91,1,1200,1
91,1,1400,1
91,1,1600,1
91,1,1800,1
91,2,800,2
91,2,1000,3
91,2,1200,3
91,2,1400,3
91,2,1600,2
91,2,1800,2
91,3,800,2
91,3,1000,3
91,3,1200,3
91,3,1400,3
91,3,1600,2
91,3,1800,2
91,4,800,2
91,4,1000,2
91,4,1200,1
91,4,1400,1
91,4,1600,1
91,4,1800,1
91,5,800,2
91,5,1000,3
91,5,1200,3
91,5,1400,3
91,5,1600,2
91,5,1800,2
91,6,800,2
91,6,1000,3
91,6,1200,3
91,6,1400,3
91,6,1600,2
91,6,1800,2
92,1,800,2
92,1,1000,3
92,1,1200,3
92,1,1400,3
92,1,1600,2
92,1,1800,2
92,2,800,2
92,2,1000,2
92,2,1200,1
92,2,1400,1
92,2,1600,1
92,2,1800,1
92,3,800,2
92,3,1000,2
92,3,1200,1
92,3,1400,1
92,3,1600,1
92,3,1800,1
93,1,800,1
93,1,1000,1
93,1,1200,2
93,1,1400,2
93,1,1600,1
93,1,1800,1
93,2,800,2
93,2,1000,2
93,2,1200,3
93,2,1400,3
93,2,1600,2
93,2,1800,2
93,3,800,2
93,3,1000,2
93,3,1200,3
93,3,1400,3
93,3,1600,2
93,3,1800,2
93,4,800,1
93,4,1000,1
93,4,1200,2
93,4,1400,2
93,4,1600,1
93,4,1800,1
93,5,800,1
93,5,1000,1
93,5,1200,2
93,5,1400,2
93,5,1600,1
93,5,1800,1
94,3,800,3
94,3,1000,3
94,3,1200,2
94,3,1400,2
94,3,1600,2
94,3,1800,3
94,4,800,1
94,4,1000,1
94,4,1200,2
94,4,1400,2
94,4,1600,1
94,4,1800,2
94,5,800,1
94,5,1000,1
94,5,1200,3
94,5,1400,3
94,5,1600,3
94,5,1800,3
94,7,800,2
94,7,1000,2
94,7,1200,3
94,7,1400,3
94,7,1600,2
94,7,1800,2
94,8,800,2
94,8,1000,2
94,8,1200,3
94,8,1400,3
94,8,1600,2
94,8,1800,2
94,9,800,2
94,9,1000,2
94,9,1200,3
94,9,1400,3
94,9,1600,2
94,9,1800,2
95,1,800,2
95,1,1000,2
95,1,1200,2
95,1,1400,1
95,1,1600,1
95,1,1800,1
95,2,800,2
95,2,1000,2
95,2,1200,2
95,2,1400,1
95,2,1600,1
95,2,1800,1
95,3,800,2
95,3,1000,2
95,3,1200,2
95,3,1400,1
95,3,1600,1
95,3,1800,1
95,4,800,2
95,4,1000,2
95,4,1200,2
95,4,1400,1
95,4,1600,1
95,4,1800,1
95,5,800,3
95,5,1000,3
95,5,1200,3
95,5,1400,3
95,5,1600,2
95,5,1800,2
95,6,800,3
95,6,1000,3
95,6,1200,3
95,6,1400,3
95,6,1600,2
95,6,1800,2
95,7,800,3
95,7,1000,3
95,7,1200,3
95,7,1400,3
95,7,1600,2
95,7,1800,2
95,8,800,3
95,8,1000,3
95,8,1200,3
95,8,1400,3
95,8,1600,2
95,8,1800,2
95,10,800,3
95,10,1000,3
95,10,1200,3
95,10,1400,2
95,10,1600,1
95,10,1800,2
95,12,800,3
95,12,1000,3
95,12,1200,3
95,12,1400,3
95,12,1600,3
95,12,1800,2
95,13,800,3
95,13,1000,3
95,13,1200,3
95,13,1400,2
95,13,1600,1
95,13,1800,2
95,19,800,3
95,19,1000,3
95,19,1200,2
95,19,1400,2
95,19,1600,1
95,19,1800,1
95,21,800,3
95,21,1000,3
95,21,1200,2
95,21,1400,2
95,21,1600,2
95,21,1800,2
100,2,800,2
100,2,1000,2
100,2,1200,3
100,2,1400,3
100,2,1600,2
100,2,1800,2
100,3,800,2
100,3,1000,2
100,3,1200,3
100,3,1400,3
100,3,1600,2
100,3,1800,2
100,4,800,2
100,4,1000,2
100,4,1200,3
100,4,1400,3
100,4,1600,2
100,4,1800,3
100,5,800,1
100,5,1000,2
100,5,1200,2
100,5,1400,2
100,5,1600,1
100,5,1800,1
100,9,800,2
100,9,1000,3
100,9,1200,3
100,9,1400,3
100,9,1600,3
100,9,1800,2
102,1,800,1
102,1,1000,1
102,1,1200,1
102,1,1400,1
102,1,1600,1
102,1,1800,1
102,2,800,3
102,2,1000,3
102,2,1200,3
102,2,1400,3
102,2,1600,3
102,2,1800,3
103,1,800,2
103,1,1000,2
103,1,1200,3
103,1,1400,3
103,1,1600,2
103,1,1800,2
103,2,800,3
103,2,1000,2
103,2,1200,1
103,2,1400,1
103,2,1600,1
103,2,1800,1
103,3,800,3
103,3,1000,3
103,3,1200,2
103,3,1400,2
103,3,1600,1
103,3,1800,1
103,4,800,3
103,4,1000,3
103,4,1200,2
103,4,1400,2
103,4,1600,2
103,4,1800,2
103,5,800,2
103,5,1000,2
103,5,1200,1
103,5,1400,1
103,5,1600,1
103,5,1800,1
103,6,800,3
103,6,1000,3
103,6,1200,2
103,6,1400,2
103,6,1600,2
103,6,1800,2
103,7,800,3
103,7,1000,3
103,7,1200,2
103,7,1400,2
103,7,1600,2
103,7,1800,2
103,8,800,2
103,8,1000,2
103,8,1200,1
103,8,1400,1
103,8,1600,1
103,8,1800,1
107,1,800,1
107,1,1000,1
107,1,1200,1
107,1,1400,1
107,1,1600,1
107,1,1800,1
107,2,800,1
107,2,1000,1
107,2,1200,1
107,2,1400,1
107,2,1600,1
107,2,1800,1
107,3,800,3
107,3,1000,3
107,3,1200,2
107,3,1400,2
107,3,1600,1
107,3,1800,1
107,4,800,2
107,4,1000,2
107,4,1200,3
107,4,1400,3
107,4,1600,1
107,4,1800,1
107,5,800,2
107,5,1000,2
107,5,1200,1
107,5,1400,1
107,5,1600,1
108,1,800,3
108,1,1000,3
108,1,1200,3
108,1,1400,3
108,1,1600,3
108,1,1800,3
108,2,800,3
108,2,1000,3
108,2,1200,3
108,2,1400,3
108,2,1600,2
108,2,1800,2
108,3,800,1
108,3,1000,1
108,3,1200,2
108,3,1400,2
108,3,1600,1
108,3,1800,1
109,1,800,2
109,1,1000,2
109,1,1200,2
109,1,1400,2
109,1,1600,2
109,1,1800,2
109,2,800,2
109,2,1000,2
109,2,1200,2
109,2,1400,2
109,2,1600,2
109,2,1800,2
110,1,800,1
110,1,1000,1
110,1,1200,2
110,1,1400,2
110,1,1600,1
110,1,1800,1
110,2,800,3
110,2,1000,3
110,2,1200,3
110,2,1400,3
110,2,1600,2
110,2,1800,2
110,3,800,1
110,3,1000,1
110,3,1200,2
110,3,1400,2
110,3,1600,1
110,3,1800,1
111,2,800,3
111,2,1000,3
111,2,1200,3
111,2,1400,3
111,2,1600,3
111,2,1800,3
111,3,800,3
111,3,1000,3
111,3,1200,3
111,3,1400,3
111,3,1600,3
111,3,1800,3
111,4,800,3
111,4,1000,3
111,4,1200,3
111,4,1400,3
111,4,1600,3
111,4,1800,3
111,5,800,3
111,5,1000,3
111,5,1200,3
111,5,1400,3
111,5,1600,3
111,5,1800,3
111,6,800,3
111,6,1000,3
111,6,1200,3
111,6,1400,3
111,6,1600,3
111,6,1800,3
111,7,800,2
111,7,1000,2
111,7,1200,2
111,7,1400,2
111,7,1600,2
111,7,1800,2
111,8,800,2
111,8,1000,2
111,8,1200,2
111,8,1400,2
111,8,1600,2
111,8,1800,2
111,9,800,2
111,9,1000,2
111,9,1200,2
111,9,1400,2
111,9,1600,2
111,9,1800,2
111,10,800,3
111,10,1000,3
111,10,1200,3
111,10,1400,3
111,10,1600,3
111,10,1800,3
111,11,800,1
111,11,1000,1
111,11,1200,1
111,11,1400,1
111,11,1600,1
111,11,1800,1
111,12,800,2
111,12,1000,2
111,12,1200,2
111,12,1400,2
111,12,1600,2
111,12,1800,2
112,1,800,1
112,1,1000,1
112,1,1200,1
112,1,1400,1
112,1,1600,1
112,1,1800,1
112,2,800,2
112,2,1000,2
112,2,1200,2
112,2,1400,2
112,2,1600,2
112,2,1800,2
113,1,800,1
113,1,1000,2
113,1,1200,2
113,1,1400,2
113,1,1600,1
113,1,1800,1
113,2,800,1
113,2,1000,2
113,2,1200,2
113,2,1400,2
113,2,1600,1
113,2,1800,1
115,1,800,1
115,1,1000,1
115,1,1200,1
115,1,1400,1
115,1,1600,1
115,1,1800,1
115,2,800,3
115,2,1000,3
115,2,1200,3
115,2,1400,3
115,2,1600,3
115,2,1800,3
115,3,800,3
115,3,1000,3
115,3,1200,3
115,3,1400,3
115,3,1600,3
115,3,1800,3
115,4,800,2
115,4,1000,2
115,4,1200,2
115,4,1400,2
115,4,1600,2
115,4,1800,2
115,5,800,3
115,5,1000,3
115,5,1200,3
115,5,1400,3
115,5,1600,3
115,5,1800,3
115,6,800,2
115,6,1000,2
115,6,1200,2
115,6,1400,2
115,6,1600,2
115,6,1800,2
115,7,800,3
115,7,1000,3
115,7,1200,3
115,7,1400,3
115,7,1600,3
115,7,1800,3
115,8,800,3
115,8,1000,3
115,8,1200,3
115,8,1400,3
115,8,1600,3
115,8,1800,3
115,9,800,2
115,9,1000,2
115,9,1200,2
115,9,1400,2
115,9,1600,2
115,9,1800,2
115,10,800,1
115,10,1000,1
115,10,1200,1
115,10,1400,1
115,10,1600,1
115,10,1800,1
115,11,800,1
115,11,1000,1
115,11,1200,1
115,11,1400,1
115,11,1600,1
115,11,1800,1
115,12,800,3
115,12,1000,3
115,12,1200,3
115,12,1400,3
115,12,1600,3
115,12,1800,3
115,13,800,3
115,13,1000,3
115,13,1200,3
115,13,1400,3
115,13,1600,3
115,13,1800,3
118,1,800,2
118,1,1000,1
118,1,1200,1
118,1,1400,1
118,1,1600,1
118,1,1800,1
121,1,800,1
121,1,1000,3
121,1,1200,3
121,1,1400,3
121,1,1600,1
121,1,1800,1
121,2,800,1
121,2,1000,3
121,2,1200,3
121,2,1400,3
121,2,1600,1
121,2,1800,1
121,3,800,1
121,3,1000,3
121,3,1200,3
121,3,1400,3
121,3,1600,1
121,3,1800,1
121,4,800,3
121,4,1000,3
121,4,1200,3
121,4,1400,3
121,4,1600,3
121,4,1800,3
124,1,800,2
124,1,1000,2
124,1,1200,1
124,1,1400,1
124,1,1600,1
124,1,1800,1
124,2,800,2
124,2,1000,3
124,2,1200,2
124,2,1400,3
124,2,1600,1
124,2,1800,3
135,1,800,3
135,1,1000,3
135,1,1200,3
135,1,1400,2
135,1,1600,1
135,1,1800,1
135,2,800,3
135,2,1000,3
135,2,1200,3
135,2,1400,3
135,2,1600,3
135,2,1800,3
135,3,800,3
135,3,1000,3
135,3,1200,3
135,3,1400,3
135,3,1600,3
135,3,1800,3
135,4,800,3
135,4,1000,3
135,4,1200,3
135,4,1400,2
135,4,1600,2
135,4,1800,3
135,5,800,3
135,5,1000,3
135,5,1200,3
135,5,1400,3
135,5,1600,2
135,5,1800,2
135,6,800,3
135,6,1000,3
135,6,1200,2
135,6,1400,3
135,6,1600,3
135,6,1800,3
135,7,800,3
135,7,1000,3
135,7,1200,2
135,7,1400,2
135,7,1600,1
135,7,1800,2
135,8,800,1
135,8,1000,1
135,8,1200,1
135,8,1400,1
135,8,1600,1
135,8,1800,1
135,9,800,2
135,9,1000,3
135,9,1200,3
135,9,1400,3
135,9,1600,3
135,9,1800,3
135,10,800,2
135,10,1000,2
135,10,1200,2
135,10,1400,2
135,10,1600,1
135,10,1800,1
135,11,800,2
135,11,1000,2
135,11,1200,2
135,11,1400,2
135,11,1600,1
135,11,1800,1
54,1,800,1
54,1,1000,2
54,1,1200,2
54,1,1400,2
54,1,1600,1
54,1,1800,1
54,2,800,1
54,2,1000,2
54,2,1200,2
54,2,1400,2
54,2,1600,1
54,2,1800,1
54,3,800,2
54,3,1000,3
54,3,1200,3
54,3,1400,3
54,3,1600,2
54,3,1800,2
54,5,800,3
54,5,1000,3
54,5,1200,3
54,5,1400,3
54,5,1600,2
54,5,1800,2
54,6,800,3
54,6,1000,3
54,6,1200,3
54,6,1400,3
54,6,1600,2
54,6,1800,2
54,7,800,3
54,7,1000,3
54,7,1200,3
54,7,1400,3
54,7,1600,2
54,7,1800,2
54,9,800,3
54,9,1000,3
54,9,1200,3
54,9,1400,3
54,9,1600,2
54,9,1800,2
54,10,800,2
54,10,1000,3
54,10,1200,3
54,10,1400,3
54,10,1600,2
54,10,1800,2
54,11,800,3
54,11,1000,3
54,11,1200,3
54,11,1400,3
54,11,1600,3
54,11,1800,3
54,12,800,2
54,12,1000,3
54,12,1200,3
54,12,1400,3
54,12,1600,2
54,12,1800,2
107,5,1800,1
140,1,800,3
140,1,1000,3
140,1,1200,2
140,1,1400,2
140,1,1600,3
140,1,1800,3
140,2,800,3
140,2,1000,3
140,2,1200,3
140,2,1400,3
140,2,1600,3
140,2,1800,3
140,3,800,2
140,3,1000,1
140,3,1200,1
140,3,1400,1
140,3,1600,2
140,3,1800,2
140,4,800,1
140,4,1000,1
140,4,1200,1
140,4,1400,1
140,4,1600,1
140,4,1800,1
140,5,800,3
140,5,1000,2
140,5,1200,2
140,5,1400,2
140,5,1600,2
140,5,1800,3
113,3,800,2
113,3,1000,2
113,3,1200,2
113,3,1400,2
113,3,1600,2
113,3,1800,2
113,4,800,3
113,4,1000,3
113,4,1200,3
113,4,1400,3
113,4,1600,3
113,4,1800,3
113,5,800,3
113,5,1000,3
113,5,1200,3
113,5,1400,3
113,5,1600,3
113,5,1800,3
113,6,800,1
113,6,1000,1
113,6,1200,1
113,6,1400,1
113,6,1600,1
113,6,1800,1
113,7,800,3
113,7,1000,3
113,7,1200,3
113,7,1400,3
113,7,1600,3
113,7,1800,3
113,8,800,1
113,8,1000,1
113,8,1200,1
113,8,1400,1
113,8,1600,1
113,8,1800,1
46,42,800,2
46,42,1000,2
46,42,1200,1
46,42,1400,1
46,42,1600,1
46,42,1800,2
